area,perimeter,circularity,eccentricity,solidity,extent,hu_moment_1,hu_moment_2,hu_moment_3,mean_b,mean_g,mean_r,mean_h,mean_s,mean_v,texture_laplacian_var,color_std_b,color_std_g,color_std_r,color_std_hsv,det_confidence,predicted_label,ml_confidence
1638.5,433.3797242641449,0.10962740446511803,0.0,0.4381016042780749,0.4240424430641822,0.5754375300391714,0.021100830788104222,0.005331262411648497,227.46927678085913,230.99564980967915,241.0217509516041,56.6574225122349,17.625339858618812,241.22729744426317,184.86697052797174,8.182064170044017,14.933893941422586,7.607669421021195,63.886812704274014,0.7989702224731445,RBC,0.997
2570.5,202.24264061450958,0.7897361497594546,0.0,0.998252427184466,0.9562872023809523,0.1681370047570993,0.0006891153747629826,2.6889983321035272e-06,232.20068027210883,229.6095238095238,236.33537414965986,85.60748299319728,9.828571428571427,237.16598639455782,100.9534948093821,8.26902256806132,14.506434571972871,6.17806414345888,67.34242134577799,0.7570751905441284,RBC,0.4991
2417.0,337.5391038656235,0.2665866077113232,0.0,0.5951736025609455,0.3425453514739229,0.3407722113157029,0.03759243351923024,0.040912378633488594,231.3838043965904,224.52422611036337,233.40040376850604,99.76873037236429,13.81045311799013,235.20323014804845,188.46992687180688,13.4658092754621,24.1910385154282,12.318455365490005,59.10002197804012,0.7467191219329834,RBC,0.9803
2273.0,191.79898929595947,0.7764556798016197,0.0,0.9655904842820731,0.876929012345679,0.16726418478263874,0.0011449190646727388,0.0001394816955987349,221.23083333333335,226.43583333333333,239.52583333333334,57.99916666666667,22.25916666666667,239.67583333333334,142.74953903154054,7.614846199293122,14.22342724658473,6.7133696932977625,67.39311907981079,0.7450523972511292,RBC,0.9967
3365.5,500.977702498436,0.16850883087883603,0.0,0.47724049914917754,0.35829873309911636,0.5132860001650325,0.11253386076618528,0.04051794150935566,223.0776529338327,211.24344569288388,227.14307116104868,101.43920099875156,22.449188514357054,228.50262172284644,275.8834089897693,16.318512345735506,31.134534059440917,16.48169279259697,62.064917979532055,0.7394967079162598,WBC,0.673
1277.5,364.7523068189621,0.12066315547925169,0.0,0.43415463041631264,0.40325126262626265,0.6276518060236613,0.07031439689528292,0.00951272332250627,231.18037318590186,227.94747753973738,235.6447823082239,98.32895646164478,13.248790601243952,237.52315134761574,85.5296968262167,8.90384488664097,16.01144218310809,7.760736954904821,60.36638547500907,0.705948531627655,RBC,0.99
1061.0,314.36753046512604,0.13491178269565343,0.0,0.3890722405573891,0.3453776041666667,0.7327028456452608,0.12132918753456037,0.05052762022644748,233.02437043054425,227.7059301380991,237.69536961819657,106.99918765231519,14.226645004061737,239.0357432981316,113.68506526947021,9.606272866260829,16.955993759687086,8.071812313642104,59.841823719828845,0.6898427605628967,RBC,0.9807
737.5,278.61017179489136,0.11939274918554078,0.0,0.3888742420247825,0.3200954861111111,0.6044356474398822,0.009954671991414268,0.053779203762374696,228.26327944572748,219.71709006928407,236.05542725173208,119.51154734411085,21.056581986143186,237.16974595842956,154.23360019259982,12.27767516633501,21.686238520911896,10.327955934171824,60.27088949650913,0.5979322791099548,RBC,0.8929
1145.5,302.46803545951843,0.15734247827767522,0.0,0.5082076308784383,0.4874468085106383,0.47773249108715987,0.0038474450644659743,0.0008935524079534221,231.42624223602482,231.76785714285714,237.6925465838509,75.25232919254658,11.868012422360248,239.01475155279502,102.86193282028066,7.864289177306686,13.895952907570084,6.039482442502485,61.62135802431814,0.5889930129051208,RBC,0.996
1066.5,272.3259012699127,0.18071442680785613,0.0,0.47547926883637986,0.42728365384615385,0.5142951445747865,0.026856340083644584,0.023743388453568968,223.2324414715719,231.28678929765886,241.12123745819397,46.07775919732441,21.117892976588628,241.41889632107024,106.78658915161694,7.03950755482707,13.041759250201634,5.8402235554580715,56.00771692226906,0.5743795037269592,RBC,0.9979
2303.0,192.0,0.7850572787779181,0.0,1.0,0.9595833333333333,0.16681140541322909,4.8267198158907994e-05,1.0710766641865106e-34,230.9351784413693,232.14202476329208,238.09031318281137,63.56809905316825,11.839038601602331,239.18281136198107,82.93491649305555,7.368721462717055,13.163637736737618,6.661233586608531,61.335969485769986,0.563822329044342,RBC,0.9665
2418.0,196.48528122901917,0.7870568715207782,0.0,0.990983606557377,0.9328703703703703,0.16713429506667538,0.0005840871311525082,4.497158941952934e-05,227.81593194122198,230.00077339520496,237.7788089713844,66.30394431554525,14.822119102861564,238.66821345707658,83.74594907407408,7.7508671172224695,14.231621687626108,6.511975960441685,63.19595686086812,0.5548924207687378,RBC,0.9794
2159.0,182.97056221961975,0.8104011735443953,0.0,0.9871970736168267,0.9179421768707483,0.16455206095868888,0.0003136140895241159,4.4223304849191306e-07,231.3142626913779,231.2070910556003,239.0781627719581,76.58501208702658,13.738920225624495,240.1361804995971,138.07676705886436,7.977579256264266,14.601992777325492,6.610824165042665,64.70497903582418,0.5269062519073486,RBC,0.6758
2288.5,192.24264061450958,0.7781464389332939,0.0,0.9956493365238199,0.9535416666666666,0.16636361035963007,5.996512108373417e-05,2.707388330878085e-06,233.6791569086651,233.79937548790008,240.647931303669,72.73458235753317,11.90944574551132,241.47072599531617,151.91309010416668,7.493069058175465,13.50570005724302,6.322963922851041,63.59648946513081,0.519751787185669,RBC,0.8704
2155.5,187.89949476718903,0.76719659472544,0.0,0.980218281036835,0.9164540816326531,0.1665121318415015,0.0002169499717937492,8.367711867885557e-05,231.80865603644648,228.5717539863326,235.71753986332575,98.72285497342446,11.068337129840547,237.02050113895217,52.4131826944213,8.41870234767918,14.473563186716921,5.9332483269543745,60.738693977885134,0.519492506980896,Platelets,0.6806
1031.0,314.5096664428711,0.13097865707253414,0.0,0.4510061242344707,0.40526729559748426,0.5357370883122073,0.014755806260940214,0.009172064870811372,220.9047619047619,223.06207482993196,239.93707482993196,71.62159863945578,25.156462585034014,240.13350340136054,131.8270945509968,9.281928410160136,17.50987254412228,7.812717672473172,72.92743231349168,0.5173478722572327,RBC,0.9924
1067.0,313.05382215976715,0.13681580254191028,0.0,0.46330872774641774,0.44458333333333333,0.5360143160000312,0.003216840083733993,0.00033411684068562834,223.7448559670782,230.41893004115227,240.7769547325103,52.702057613168726,20.691358024691358,241.01399176954732,162.89539930555557,7.694202047247237,14.904407738940977,6.772770143575223,61.15127397302062,0.5148894190788269,RBC,0.9974
793.5,309.9238796234131,0.10381179855109264,0.0,0.35227524972253055,0.3241421568627451,0.7354404004674298,0.0013753671770637774,0.0007856483868768601,220.89209401709405,219.73076923076925,239.7371794871795,84.58974358974359,26.2948717948718,239.80128205128207,131.33722005959245,11.737609465175298,20.641324253294687,9.726129345464589,77.77845249542978,0.5117250680923462,RBC,0.9844
1053.5,265.49747335910797,0.18781212179655035,0.0,0.4801731996353692,0.4214,0.48109205003114347,0.0281440361377866,0.034842370542193385,227.0093220338983,234.23389830508475,240.84322033898303,43.470338983050844,16.53050847457627,241.3279661016949,91.5384,6.087977695566722,10.631399132526342,5.053107431488331,51.05716272950138,0.505821704864502,RBC,0.9983
1323.0,393.1370829343796,0.1075676513906042,0.0,0.5338983050847458,0.5094339622641509,0.41176741620599905,0.0022145423972675213,0.0006411219897523266,230.7599734042553,228.50265957446808,237.47672872340425,90.96941489361701,13.579787234042552,238.3869680851064,244.09490913140053,8.504783947831518,15.197940207267724,7.992232994283866,67.09100179605366,0.5055094361305237,RBC,0.989
2034.5,182.3847759962082,0.7685823199552722,0.0,0.9667379425041578,0.8834129396439426,0.16616767117521453,0.0009531581101066453,3.4360125243833455e-05,223.99741379310345,229.74741379310345,241.89741379310345,57.168965517241375,21.720689655172414,242.02586206896552,174.2344786548686,7.791739228701485,14.46264487428941,6.700797188895237,65.93118723831677,0.5007838606834412,RBC,0.996
977.0,313.823375582695,0.12466193070021776,0.0,0.4389038634321653,0.39142628205128205,0.5281405446443376,0.025792053687930944,0.00015957364326974564,230.55089285714286,224.62678571428572,236.23214285714286,113.32232142857143,15.374107142857142,237.24107142857142,168.57007108809992,10.222484807099375,17.745975309020558,7.999868461928813,60.406573687066285,0.4926939904689789,RBC,0.9759
1370.5,298.6101711988449,0.1931433282543064,0.0,0.44381476683937826,0.41379830917874394,0.5848838865387884,0.08641584236069431,0.022354985692154383,226.6991385023194,226.8522200132538,236.5427435387674,75.48111332007953,15.672630881378396,237.28495692511598,37.637068178370555,8.988299915693473,16.15572095137052,7.3048951443136065,68.26357482046676,0.49181148409843445,RBC,0.9983
2635.0,208.1421353816986,0.7643116370591633,0.0,0.9919066440805572,0.9464798850574713,0.16932427847574816,0.001106422777080978,1.0606415611636462e-05,224.76835781041387,227.38317757009347,240.3097463284379,70.74232309746328,21.030040053404537,240.84312416555406,116.47116321508786,9.438530672469591,17.75985888175478,7.66628208305951,70.62199595660174,0.49174734950065613,RBC,0.9891
1839.0,300.8528119325638,0.25531918136104853,0.0,0.6967228641788218,0.47890625,0.4473910666333158,0.1381508193784665,0.01459555844811946,224.06466023983072,216.3134258170703,231.20315071714086,91.5090524335763,21.030331530684222,231.7432400658359,273.16059514951814,14.61094496517811,28.424907376569028,14.588537011229107,66.42864479041134,0.48716267943382263,RBC,0.982
819.5,291.9238792657852,0.12084246587918045,0.0,0.386465456260316,0.3414583333333333,0.6501106252102544,0.036598419041448185,0.011004980572944608,223.79853095487934,224.4585519412382,240.24029380902414,79.90451206715635,23.895068205666316,240.77964323189929,197.77574930555556,10.644267873153261,20.22960057838632,9.108646579815508,72.90155151016906,0.4776378870010376,RBC,0.9858
2539.5,201.55634891986847,0.785534232381553,0.0,0.9887093634416975,0.912176724137931,0.1692931362369408,0.0014209641337023082,0.00013317755287111939,227.98156028368797,231.27872340425535,240.522695035461,60.46312056737589,16.643262411347518,241.02056737588654,80.83180662385223,7.654114944243992,13.99618645380719,6.261996926120398,64.96589712182553,0.47695085406303406,RBC,0.9936
655.0,304.8528118133545,0.08856675927854897,0.0,0.31005917159763313,0.2842881944444444,0.8777590690649679,0.03177417685657798,0.021062492846908663,221.11180904522612,221.5288944723618,239.55276381909547,80.96984924623116,25.65326633165829,239.9711055276382,145.73341030544705,10.394423091289012,18.99829189052816,9.053080760480178,74.8266613025452,0.4751322865486145,RBC,0.9833
2390.5,417.43859827518463,0.17239053012759573,0.0,0.470756203229618,0.45274621212121213,0.7207003249778055,0.319867282126314,0.013002096833750636,231.26275115919628,230.76545595054094,238.74111282843896,79.81646058732612,13.207496136012365,239.80216383307572,29.137430232724977,6.297902339984515,12.374480017520339,5.9424905398080945,67.26233509823075,0.4740807116031647,RBC,0.9918
2442.0,195.79898953437805,0.8004507783079521,0.0,0.9840822083417288,0.9084821428571429,0.16677268155049824,0.0006545152594526173,8.731197622306145e-05,233.15228807201802,228.1425356339085,236.5371342835709,105.80945236309077,12.433608402100525,238.0240060015004,72.33892573142538,9.391464957318766,15.92440219658175,7.31979875086472,59.20617403139666,0.4720802903175354,Platelets,0.8131
1033.5,307.29646277427673,0.13753246361423418,0.0,0.4311639549436796,0.4140625,0.5786284287558677,0.0006113710371083326,0.0016328356329362993,233.53565365025466,231.18251273344652,238.776740237691,91.75127334465195,12.410865874363328,240.0942275042445,106.0019107495069,8.545742421644107,15.42388507147454,7.42548053600493,64.47356444280815,0.45494988560676575,RBC,0.9893
2338.5,200.3847757577896,0.7318427796639904,0.0,0.9695273631840796,0.9192216981132075,0.16781319197496464,0.00033263250608914067,5.284168950202914e-05,225.7357695010541,232.73858046380886,241.38721011946592,50.021082220660574,18.65565706254392,241.6317638791286,167.37651654775325,6.445438298878485,12.013600629833633,5.810164308620311,58.39240947126965,0.4481910765171051,RBC,0.9994
904.0,290.5096666812897,0.1346037373061754,0.0,0.3900755124056095,0.33630952380952384,0.6546964224041935,0.013704420484092508,0.039544706186539824,219.23432979749276,222.25650916104146,239.66248794599807,69.54580520732884,26.634522661523626,239.8457087753134,112.5671414399093,9.406191043723357,18.02964901354844,8.115361030113402,72.462307391699,0.44572940468788147,RBC,0.9921
882.0,256.56854128837585,0.1683726856007478,0.0,0.4325649828347229,0.3602941176470588,0.6112788894165384,0.05430867807841672,0.0724636048938074,227.2918149466192,229.88523131672596,240.91992882562278,66.51957295373666,19.1076512455516,241.7544483985765,183.847766717662,9.10546571893156,16.63663888579191,7.590075557596458,68.00578639680248,0.44061216711997986,RBC,0.994
3184.0,368.02438521385193,0.29541308725878185,0.0,0.6048632218844985,0.5870206489675516,0.49984919364670455,0.16568263266743094,0.004670689152958254,230.854036341972,229.20494489127196,236.7917783735478,87.41703902293715,11.984212094131665,237.87876079833183,15.778842095874555,7.631958537969163,13.582841928366808,6.1712589012539585,66.53405072799798,0.43891680240631104,RBC,0.9874
2260.0,196.97056233882904,0.732007706987645,0.0,0.9813287016934433,0.9416666666666667,0.16871535635474638,0.00010822852703211177,3.0655628263170855e-06,226.7366255144033,228.83621399176954,239.9588477366255,72.27407407407408,18.76872427983539,240.6411522633745,188.87333055555555,9.964452050275002,17.40522618133253,7.728731196974538,68.25448467053724,0.4309592545032501,RBC,0.9897
1039.5,290.81118178367615,0.1544586217080614,0.0,0.4571240105540897,0.41596638655462187,0.5403521894018889,0.02123204701646071,0.020727032017371104,225.38487680543756,232.0050977060323,242.15972812234494,51.419711129991505,20.598980458793545,242.6355140186916,171.66805641824556,7.296875578569376,14.15042290855218,6.563070332897684,59.90820408328144,0.41637587547302246,RBC,0.9971
569.5,186.18376576900482,0.20645241724372124,0.0,0.4348988163421153,0.38272849462365593,0.6313936102438322,0.18005286258343725,0.02232009293519141,231.8448098663926,227.73997944501542,238.62898252826312,100.40390544707091,16.210688591983555,240.15107913669064,158.9734661768353,10.416780590584574,17.682340753175094,8.85483375769217,64.51026882858561,0.4143677353858948,RBC,0.7962
2082.0,177.9411255121231,0.8263003233792912,0.0,0.9850958126330731,0.8675,0.16597839075849607,0.0013628007977750875,3.865429050513015e-06,230.684628975265,226.87544169611306,236.70053003533567,103.93462897526501,13.901943462897526,237.88515901060072,73.15088732638888,10.24567531554304,16.866851187299776,7.876222193675778,63.76171106001237,0.41424664855003357,Platelets,0.8852
1136.5,313.43859910964966,0.14536985219419835,0.0,0.4615228426395939,0.4384645061728395,0.524884988904582,0.0019847747766993675,0.0003040829634816211,229.23400936037442,223.61622464898596,235.64976599063962,106.13494539781591,16.466458658346333,236.6474258970359,139.23138086324494,10.432899674850583,18.791183217508244,8.17141553994893,64.38781470197061,0.40177658200263977,RBC,0.9857
1161.0,298.22539579868317,0.16404116180565828,0.0,0.4965782720273738,0.4645858343337335,0.4659862121284384,0.013752085794989675,0.010472918302667684,235.17511520737327,233.86175115207374,236.92780337941628,92.3026113671275,7.983102918586789,238.99385560675884,109.48272642390289,5.8821029378417276,10.41478902428703,4.918788512257285,56.52458086557288,0.4012669324874878,RBC,0.9879
1577.0,371.5391037464142,0.14355968578308512,0.0,0.49497802887633396,0.4693452380952381,0.5249269020980267,0.05978601565723038,0.006927421671993195,228.14204221334853,231.468910439247,241.5219623502567,56.213348545350826,17.197946377638335,241.81802624073015,101.61742054634354,7.932172227081881,14.5895068845589,6.3844954651307875,63.69922821966503,0.4004272520542145,RBC,0.9977
1646.0,327.53910422325134,0.19280281966284288,0.0,0.44046026224244045,0.4181910569105691,0.6053697015708988,0.13398349800933182,0.03979691386481342,229.70444444444445,230.94277777777776,238.60166666666666,70.42722222222223,13.201666666666666,239.1861111111111,22.28066744486995,6.7323747025698495,12.788690883205083,6.038459838586511,65.2486290452447,0.39970117807388306,RBC,0.9985
1067.0,315.053822517395,0.13508426900163406,0.0,0.44,0.41165123456790126,0.5593887457821113,0.003643144401402677,0.007744624990016127,223.28536184210526,225.50986842105263,239.18009868421052,63.936677631578945,21.242598684210524,239.49753289473682,168.6892752569635,9.200882191005084,16.60022098722762,7.6874362635439715,69.72765467018071,0.3968929052352905,RBC,0.9967
1156.0,311.396968126297,0.14980935649020238,0.0,0.47493837304847986,0.44598765432098764,0.5068298470355429,0.018104759327993904,0.003484848102780825,231.83205521472394,231.95935582822085,239.0973926380368,79.51610429447852,13.809049079754601,240.70552147239263,106.19994079003773,7.417243841585652,14.383465654967143,6.682354243254277,62.69778313936107,0.3874947130680084,RBC,0.9945
891.5,253.98275458812714,0.17366917988238412,0.0,0.4546149923508414,0.3869357638888889,0.5539303161727143,0.029492050374793834,0.0398735747954619,223.76656775469831,231.10484668644906,241.51236399604352,50.80909990108803,21.090999010880317,241.8150346191889,94.22434696150415,7.5251579364459715,13.941976916048613,6.352223023423924,59.70415155944472,0.3873719573020935,RBC,0.9978
911.0,308.99494779109955,0.11990173952553433,0.0,0.42117429496070274,0.38732993197278914,0.5656885408589902,0.0031381010374501137,0.013992863373230472,227.04562737642584,225.66825095057035,240.824144486692,85.23384030418251,20.722433460076047,241.2718631178707,198.23548058679253,11.3576413485299,19.19821610211646,9.150851667756575,74.38584074609236,0.3867078125476837,RBC,0.9877
975.5,300.7523069381714,0.13552493359042586,0.0,0.44778517328436995,0.4147534013605442,0.5578269225909178,0.002657834664816804,0.009920412684420982,229.75292003593893,227.13566936208446,237.42048517520217,90.76729559748428,15.344115004492364,238.55256064690028,131.6504465731871,10.833587792016752,18.029438688231288,8.716417415363654,67.79618210990218,0.3855096995830536,RBC,0.9904
554.0,160.42640590667725,0.2705004057338528,0.0,0.5253674727358938,0.3768707482993197,0.45519181460961167,0.10829803015471838,0.01862640958091123,231.7710144927536,231.11111111111111,240.1845410628019,81.67826086956522,14.504347826086956,241.23671497584542,194.0390734281721,8.810223005440161,15.54716129617548,7.488332480606164,66.75482476090761,0.38527753949165344,RBC,0.9345
1191.5,303.6396087408066,0.16240038871991525,0.0,0.5051939792240832,0.4683569182389937,0.47556981568872714,0.01565529232045791,0.00927148999515964,231.69588014981275,232.987265917603,238.82172284644196,67.1625468164794,11.763295880149814,239.79026217228466,116.91686552524622,6.434022823514159,11.571461197603348,5.387707609594435,61.136378078848175,0.3850390911102295,RBC,0.9984
2242.0,185.79898965358734,0.8161289361648447,0.0,0.9891903816457093,0.9151020408163265,0.16400802972260187,0.00012353533417568363,2.7814480814786255e-05,235.004569687738,232.38233054074638,237.45163747143945,100.43945163747144,11.605483625285606,240.25894897182027,121.67320283215327,7.937012728025511,13.543253044320707,6.876296747022503,54.00476295886402,0.3847341239452362,Platelets,0.9323
1481.5,278.12489008903503,0.2406754577236469,0.0,0.4686066740471295,0.3631127450980392,0.6054598025424419,0.2107090126281663,0.10295196049593487,229.84792054624458,223.0546244568591,235.5915580384854,111.27436374922408,16.001241464928615,236.35692116697703,16.34828425365244,9.746372115761272,17.782240162774134,7.705038988599812,62.28866308459208,0.3809159994125366,RBC,0.992
482.5,134.52691113948822,0.33503396777615296,0.0,0.6233850129198967,0.44675925925925924,0.39218681294207147,0.10148463435714658,0.0028663157626394125,230.98695246971107,228.19291705498603,237.4054054054054,91.65610438024231,13.731593662628145,238.56104380242311,61.24929407790618,7.713764300137539,14.652516528071963,6.921652389910628,66.30278833800665,0.37918171286582947,RBC,0.8361
2305.0,193.65685415267944,0.77235159604211,0.0,0.9892703862660944,0.943126022913257,0.16694839087933433,0.0002696437485684151,1.4137456841939988e-05,223.8035211267606,232.10281690140846,242.0992957746479,48.2,21.534507042253523,242.39154929577467,152.2601266738276,6.885593369664706,13.399626564388518,5.937052387621523,57.61090467982749,0.37852951884269714,RBC,0.999
798.0,285.5391037464142,0.12299333320196049,0.0,0.3631399317406143,0.3325,0.7433511487484323,0.02551096375315956,0.025530053514646472,226.71428571428572,227.31364124597206,239.27604726100967,76.05800214822771,18.686358754027925,240.0655209452202,117.95059565972221,9.076119206446336,16.690987449420394,8.506145870250087,69.76450234324655,0.3778710663318634,RBC,0.9924
2430.0,353.7401143312454,0.24403241281067017,0.0,0.5119022540551927,0.4963235294117647,0.5984692974678993,0.20554771031763813,0.027547343006427423,224.27576923076924,228.16846153846154,238.03307692307692,56.48653846153846,18.02,238.68769230769232,8.391542073494703,7.053511767512539,13.752541217565152,5.759312037728898,63.689509850059515,0.3776133954524994,RBC,0.9985
1850.5,502.77669179439545,0.09199170777630564,0.0,0.31530073266314534,0.30596891534391535,1.234128080169047,1.0143770972030854,0.39909597006138914,229.71930669234473,220.5204622051035,236.94366875300915,122.56427539720751,20.330765527202697,238.03659123736156,29.765429884337987,11.176169619218953,20.999878262208565,8.673903140343493,56.654332313398356,0.3741868734359741,RBC,0.7889
1413.0,279.0538228750229,0.22802164419826967,0.0,0.5350246118894358,0.43131868131868134,0.398317707023962,0.05141102194928449,0.028334190674642306,229.6020779220779,231.59948051948052,240.99584415584417,61.64987012987013,16.123636363636365,241.43792207792208,159.94162871264794,7.901773323518324,15.13602736537777,6.794649031129723,64.19880652880857,0.37268805503845215,RBC,0.9981
472.5,175.35533845424652,0.1930961847829166,0.0,0.4214986619090098,0.27859669811320753,0.8124369481088997,0.3494703202780922,0.20539273914713177,230.65789473684208,225.91228070175438,237.68859649122805,106.4484649122807,16.432017543859647,238.89254385964912,153.96443336275263,10.483030520856094,17.5103034347594,8.635628551894962,65.43023586376077,0.36884552240371704,RBC,0.6542
1016.5,306.61017179489136,0.13587643071509717,0.0,0.445540214770984,0.40806904857486953,0.5502401032327826,0.007186806009075867,0.015800527618082767,226.0172562553926,231.10181190681624,241.63416738567733,56.26229508196722,19.176876617773942,242.02329594478,190.84751899290274,8.087509669959248,13.903090766762935,6.968862521365829,64.57830464481219,0.3654955327510834,RBC,0.9972
1088.5,318.75230836868286,0.13462683015513646,0.0,0.4027752081406105,0.3543294270833333,0.5877516663699732,0.03153822156915821,0.03536708432966945,229.9813765182186,224.70283400809717,235.32631578947368,112.73765182186234,15.284210526315789,237.02348178137652,37.10532591078016,10.631043521889417,16.858062862214446,8.306940405241175,58.79153454160994,0.3569590747356415,RBC,0.9821
2819.0,211.3137081861496,0.7933221816035958,0.0,0.995409604519774,0.947244623655914,0.17091997661790365,0.001956875843591794,5.04437772085089e-06,231.48822406110756,226.39656269891788,236.83577339274345,106.22851686823678,14.472310630171863,237.8746021642266,90.53059319990025,9.25185246973068,16.5941931020905,7.283633962636556,63.1520699213891,0.3558807969093323,Platelets,0.537
2208.0,188.0,0.7850426187331669,0.0,1.0,0.9587494572297004,0.16681763285024157,5.0344851980209626e-05,0.0,225.43501126972203,234.11720510894065,241.48534936138242,43.543951915852745,19.00826446280992,242.06536438767844,128.3570253001192,5.973968604091244,11.558225383109892,5.2119945113445985,51.275629854633905,0.3525644838809967,RBC,0.9993
1512.5,287.154328584671,0.23050190173203844,0.0,0.5068699731903485,0.40922619047619047,0.4775489145875055,0.1009302793219554,0.05442699132684692,236.127261761158,233.61097708082025,237.59951749095293,87.0205066344994,9.417370325693605,239.92340168878164,43.65652048956635,7.135942923282106,12.973436724499384,5.883369849028194,53.97071371537699,0.3508627414703369,RBC,0.9939
2120.5,182.5269112586975,0.7998238153967023,0.0,0.9812586765386395,0.8495592948717948,0.1674997792330086,0.0015944728005000625,4.7716171453538604e-05,225.53853383458645,226.93796992481202,240.48684210526315,73.18327067669172,21.275375939849624,240.92105263157893,177.82074379905285,9.816953462962326,18.23602323005802,8.973321768527828,70.39785741876167,0.3462396264076233,RBC,0.9545
2413.0,207.79898953437805,0.7022315266103883,0.0,0.9488792764451436,0.8976934523809523,0.1732226483963451,0.0016188261825075094,9.652313148357625e-05,232.75382475660638,233.0278164116829,241.25243393602224,72.09874826147427,13.614742698191932,242.16898470097357,181.23214285714286,8.337160389992222,14.699372398766439,6.830012639616302,64.49412636055885,0.3448691964149475,RBC,0.9881
1048.0,263.74011397361755,0.1893297090987584,0.0,0.4964471814306016,0.42810457516339867,0.4883203895686678,0.026627495739461878,0.02893824113889732,234.31372549019608,232.01364023870417,237.26598465473145,83.14663256606991,10.347826086956522,239.21653878942882,87.99366963561025,8.626894890239246,14.946445509927377,7.412059756070272,62.314213409443845,0.3377172350883484,RBC,0.986
932.0,260.56854140758514,0.1724971057122011,0.0,0.44118343195266274,0.380718954248366,0.555731101029138,0.028972668576371763,0.03730338850670136,225.6617391304348,227.09304347826088,240.93652173913046,69.7591304347826,20.916521739130435,241.1913043478261,120.87150224673202,10.690972076099865,18.62011638565938,8.325046864312878,71.18954661374059,0.33693215250968933,RBC,0.9948
1102.5,297.4385988712311,0.15660073963056256,0.0,0.46735905044510384,0.4417067307692308,0.5154774105318864,0.006227633436724748,0.00012663384752675347,223.66451612903225,229.8758064516129,241.4766129032258,56.39032258064516,22.28467741935484,241.86532258064517,201.29776616946089,7.577898610202834,15.333362166119267,7.215983701869064,63.12420605614397,0.3358231782913208,RBC,0.9965
628.0,209.74011492729187,0.17939341794914404,0.0,0.40102171136653897,0.3536036036036036,0.5936640830035003,0.08466480679767772,0.0484258226012473,225.3559322033898,225.5684485006519,236.96740547588004,72.39765319426336,17.64928292046936,237.4354628422425,123.15840459270443,10.371070390951639,17.9779727765613,8.435365511510046,69.64845339980876,0.3354237377643585,RBC,0.9855
2445.0,195.79898929595947,0.801434135024223,0.0,0.9914841849148418,0.9095982142857143,0.16701560653502331,0.0008096711495971692,0.00010348148464211048,226.2763157894737,229.95046439628484,241.937306501548,64.94117647058825,20.231424148606813,242.4249226006192,111.59860831539646,7.735785689549727,14.800919081823567,6.880443064936581,68.95730231736421,0.333235502243042,RBC,0.986
2233.0,187.65685403347015,0.7968374269286546,0.0,0.996875,0.9494047619047619,0.1658710082210436,2.8341522391743034e-05,7.63940237999558e-06,236.4295352323838,234.24512743628185,238.5734632683658,93.1799100449775,8.52848575712144,240.3088455772114,83.13181844804248,6.9332259751627685,11.916653438850231,5.9017632996209475,60.139223914724504,0.3331318199634552,Platelets,0.8957
936.0,271.740114569664,0.1592862193445461,0.0,0.44945978391356545,0.40625,0.5407340231409052,0.021830691506870357,0.026790723001232093,231.075117370892,230.5887323943662,238.31361502347417,75.1793427230047,13.054460093896713,239.29859154929576,116.55258668499229,7.560832518083293,14.409043351939037,6.859916408294519,65.56356443732763,0.33275339007377625,RBC,0.9932
1450.0,379.48022973537445,0.12653176223676318,0.0,0.4604636392505557,0.44424019607843135,0.5481031191201863,0.03335408231277572,0.0033052752171011356,227.26584615384616,229.4843076923077,241.63384615384615,65.59076923076924,18.74153846153846,241.87938461538462,102.17048271322928,8.620946029170454,15.028544120002572,6.954849485139613,70.65151252793677,0.3298371732234955,RBC,0.9961
2360.5,194.24264061450958,0.7861849429979825,0.0,0.9930584770719394,0.9457131410256411,0.16626623518393677,0.00019084492169783973,8.217466899583445e-06,230.9733028222731,226.4149504195271,236.6376811594203,102.06254767353165,14.28146453089245,237.6605644546148,88.06992710773135,9.19324137372618,16.707568430101134,7.6281274513459465,64.68346250161741,0.32668060064315796,Platelets,0.6115
1262.0,305.0538228750229,0.17041831825090872,0.0,0.37106733313731255,0.3552927927927928,0.7153737889555217,0.1992843991654188,0.0375131144258646,230.348506401138,222.38549075391182,233.37268847795164,121.77453769559034,16.03058321479374,235.6059743954481,12.088109778908976,9.13480642273424,16.865779742540315,8.613426584301578,48.68537426641114,0.32211413979530334,RBC,0.9747
407.5,131.0121932029724,0.29834175704776805,0.0,0.5979457079970653,0.5197704081632653,0.6113526130967976,0.29516360318815643,0.01163927638601522,218.12298136645964,221.95900621118014,239.86583850931677,65.52546583850932,26.629813664596274,239.97018633540372,190.6210558272896,9.654325123794312,17.03790612062165,7.9914170230336845,73.08161631639338,0.3197748363018036,RBC,0.9884
1102.5,302.8111822605133,0.15109310443363902,0.0,0.4814410480349345,0.45036764705882354,0.5032602983071965,0.009633717747434262,0.00728686777792502,226.5032102728732,232.2335473515249,242.02407704654897,53.791332263242374,19.073836276083465,242.3314606741573,104.0922054551668,6.9478386282541456,13.32977928651529,5.75665416416632,61.81589806775688,0.3194187581539154,RBC,0.9978
793.5,246.32590126991272,0.16433748418441413,0.0,0.3899262899262899,0.3241421568627451,0.6572232126742643,0.08371787888934283,0.13459776984714886,225.18906394810008,229.68860055607044,242.227062094532,60.02224281742354,21.82483781278962,242.61075069508806,125.46967512495192,8.298275832541657,15.491017152101717,6.949664768576122,65.97166708793858,0.3156948387622833,RBC,0.994
1293.5,298.46803617477417,0.18246544933050812,0.0,0.5757845537502783,0.5504255319148936,0.40019338764463663,0.00039350652470168516,4.242730911084775e-05,234.79358437935844,233.1492329149233,236.03347280334728,92.08228730822873,9.049511854951184,238.7629009762901,88.24447333635129,7.007810992510955,12.692041240404226,5.806286768912186,52.34599707819044,0.31363052129745483,RBC,0.99
902.0,289.05382311344147,0.13566223442790007,0.0,0.3931996512641674,0.3479938271604938,0.6640310501430322,0.02634965383115682,0.06022253912118396,228.8757225433526,225.98362235067438,237.8227360308285,94.8159922928709,17.33718689788054,238.97591522157995,110.588605371704,10.075579904522643,17.08346059203397,8.352504927519147,68.31551429774113,0.30991119146347046,RBC,0.9852
811.5,210.325901389122,0.23052226097180267,0.0,0.4734539089848308,0.3130787037037037,0.5577384992673036,0.0872257996276756,0.14001461247800712,227.40101522842642,229.49746192893403,238.72182741116754,67.448730964467,16.383756345177666,239.21725888324875,100.39528305874674,8.151646402465829,14.769850057314585,7.48004320888331,66.61261340682417,0.3037029802799225,RBC,0.9949
1002.0,316.65180218219757,0.1255780275574728,0.0,0.3583050241373145,0.326171875,0.7050577988451031,0.06760697379909103,0.03514778462599375,228.98167539267016,225.5261780104712,237.25043630017453,98.95375218150087,15.491273996509598,237.82460732984293,52.5843530231052,9.923556650701963,16.24946541367107,7.491188819660482,69.46757469811158,0.30332502722740173,RBC,0.9912
2504.0,440.67618691921234,0.16203357822419845,0.0,0.4071875762257094,0.35977011494252875,0.6667551689162542,0.3142409624411525,0.03517651451012977,228.68532246108228,218.23387694588584,237.51000741289843,135.83506300963677,22.59006671608599,238.16790214974054,9.697654810622167,12.646031187968186,21.038031005109755,9.888035724135682,53.06698706377085,0.3021734654903412,RBC,0.8183
827.5,215.6396086215973,0.22362522812760294,0.0,0.4590846047156727,0.3591579861111111,0.4405765187839479,0.022887992134448757,0.04073017397222673,217.84838042729152,222.39145416953824,239.43211578221914,63.01860785665058,27.09028256374914,239.67953135768434,90.24599330438672,8.065233848587052,16.208489450804635,7.4630291806827325,70.13972712780517,0.2959171533584595,RBC,0.9948
2575.0,204.82842707633972,0.7712703524734875,0.0,0.9961315280464217,0.9579613095238095,0.1692280280053684,0.0007452804834549346,2.3963774106036815e-07,228.48243870112657,230.5347912524851,238.87475149105367,66.06163021868787,15.588469184890656,239.67594433399603,80.69310637666524,8.867061206346628,16.314613570165655,6.900472416469039,64.02069159171758,0.291035532951355,RBC,0.988
705.0,202.42640602588654,0.21620446168802365,0.0,0.4417293233082707,0.35285285285285284,0.5953143810082917,0.1870434753083226,0.0300001771479312,233.66550116550115,231.67599067599068,239.1060606060606,84.2132867132867,11.825174825174825,240.42424242424244,118.69104769054888,8.895075956054825,14.876175999347057,7.188062209478242,65.38389386062138,0.2906877100467682,RBC,0.9446
1126.5,341.9238797426224,0.12108272733294723,0.0,0.42792022792022794,0.3977754237288136,0.61548863577933,0.028256757147121017,0.0012042375114183785,230.20000000000002,227.58365758754866,237.7867704280156,92.13385214007782,15.572762645914398,238.95642023346306,80.76481803999489,9.957090819488826,17.450547287401488,7.876457315458412,66.58381674024088,0.29041731357574463,RBC,0.9912
2246.5,186.72792160511017,0.8096508206356853,0.0,0.9929281767955801,0.9360416666666667,0.16526128123852316,0.0001595013204689587,9.902901087417294e-07,228.42822580645162,224.11048387096776,235.46209677419355,106.45725806451613,15.778225806451612,236.56774193548387,59.26507482638888,10.891385027625237,18.40139071948178,8.204159967042836,65.11068575075372,0.28904059529304504,Platelets,0.7163
726.0,265.0538229942322,0.12986087937496943,0.0,0.3571077225774717,0.3025,0.7350116717499868,0.0822950681740184,0.09838847164328603,223.91882352941175,222.17882352941174,237.96588235294115,87.4235294117647,22.305882352941175,238.5435294117647,101.88326388888889,9.392074181960359,18.293773251912455,8.25989677960255,73.5568569956103,0.28495368361473083,RBC,0.9818
2740.0,209.79898929595947,0.7822645388867455,0.0,0.9916757148027506,0.906084656084656,0.1725673536839253,0.0025300017134347644,0.00016848823014356404,234.76614420062697,234.17366771159877,239.4332288401254,81.10721003134796,10.586206896551724,240.92727272727274,57.565286241811535,6.526136110358894,12.041748017846956,6.1698853462505046,61.293848316387965,0.2790568470954895,RBC,0.6513
2432.5,282.468035697937,0.3831105338161511,0.0,0.7219171983973883,0.49201051779935273,0.2825262104150643,0.030490669493879068,0.019619893212379433,231.11742863773497,229.40287769784175,236.2364817823161,89.1831051288002,12.56068693432351,238.14875841262474,8.059711424772404,8.21763299368309,15.085834743670363,6.911199924494868,59.0506753004185,0.2746308743953705,RBC,0.9969
2432.5,196.24264061450958,0.7937357745342986,0.0,0.9989733059548255,0.9561713836477987,0.16701614200814427,0.00028348888625121215,1.8892187137121896e-06,222.8905058905059,231.25086625086624,242.2869022869023,46.77408177408177,22.64934164934165,242.52252252252254,96.91360544974488,6.610157240652737,13.158640406095438,5.8035059094278525,57.683068125253065,0.2744920253753662,RBC,0.9989
2241.0,188.82842707633972,0.7897997092446092,0.0,0.9973297730307076,0.9528061224489796,0.16616048222367635,1.7269308446864763e-05,3.1764037368401082e-06,221.11434977578477,229.02989536621826,240.9745889387145,47.0949177877429,23.38863976083707,241.21823617339314,127.46851933800728,7.374637610326081,14.115231629878961,6.19158115087895,58.933730266374894,0.2733217775821686,RBC,0.9989
2006.5,179.89949464797974,0.779092711210901,0.0,0.9816536203522505,0.9083295608872793,0.16656733308145028,0.00031744468548629376,0.00011698070717927961,229.47619047619048,231.0575022461815,237.53728661275832,65.26504941599282,13.030548068283919,238.53189577717882,114.1686065134176,7.9092800389547655,14.499506446854523,7.269840875027562,60.83203282654441,0.2694641947746277,RBC,0.9618
2135.0,182.62741649150848,0.8044069096457304,0.0,0.9923309319079712,0.9077380952380952,0.16516220417119584,0.00017013032280795967,0.00012009586314464474,229.14550042052144,232.17746005046257,240.73759461732547,63.88393608074011,16.381833473507147,241.4920100925147,168.98667800453515,7.892668795317172,14.565462447999991,6.904255067164663,64.44947025615254,0.26600170135498047,RBC,0.9708
2193.0,192.1421353816986,0.7464543784482802,0.0,0.9712134632418069,0.91375,0.16721857721592948,0.00019190710738421245,6.543840942804279e-05,232.91935483870967,229.77726574500767,238.67204301075267,81.47772657450076,11.939324116743471,239.18970814132103,97.21365555555556,10.055244188087984,16.734288480752006,7.636165988423666,70.90796296633995,0.2642534077167511,RBC,0.8399
2336.0,214.42640602588654,0.638448938855455,0.0,0.9043747580332946,0.8538011695906432,0.17125769247486,0.00015028475708050656,1.989905452061343e-05,219.67268041237114,219.28264604810997,240.03264604810997,90.75515463917526,28.36168384879725,240.34707903780068,189.69240482114157,12.332391457851354,20.17773281589125,11.409917592117417,76.56390778394157,0.2611750364303589,RBC,0.9801
1097.0,305.5391038656235,0.14766680914860936,0.0,0.4734570565386275,0.4139622641509434,0.5106367299473201,0.03036581179574787,0.015807451772126165,232.0608695652174,227.61581027667984,236.42450592885376,95.92332015810277,13.576284584980238,237.8798418972332,248.57275386258453,9.700833795038195,17.76240386720983,9.56050176119717,63.07583466448002,0.25802081823349,RBC,0.9865
2280.0,191.94112467765808,0.7776938070439487,0.0,0.9683584625185815,0.8482142857142857,0.16526297595007122,0.0013019898634899305,3.0322311766700555e-05,231.16969696969696,223.8943722943723,235.70822510822512,112.92727272727272,16.761904761904763,237.5038961038961,108.97842206544075,10.263655855001385,19.149788090559774,11.689736196663922,59.37945984824502,0.2557789981365204,Platelets,0.6237
2645.0,203.79898941516876,0.8002606972201727,0.0,0.9887850467289719,0.9184027777777778,0.16863630154501855,0.001571294158785905,1.3921948730303663e-05,224.51237263464338,227.6863173216885,241.5953420669578,64.99854439592431,22.36754002911208,241.87991266375548,129.70125566647377,9.078153698544073,16.632289205799733,7.875718131773228,69.941543470071,0.24777400493621826,RBC,0.9877
2350.0,194.0,0.7846469057217572,0.0,1.0,0.9599673202614379,0.16698581560283687,0.0001064848347668628,3.485406498211285e-33,224.41190706679575,231.35285575992256,235.00435624394967,41.03049370764763,12.626815101645693,235.26863504356245,9.205041330257593,3.494323088404289,7.77527319507131,5.952578036664212,46.765832790621786,0.24108438193798065,RBC,0.9998
838.0,288.3086565732956,0.12668888613308768,0.0,0.4024009603841537,0.3117559523809524,0.5888258146067344,0.03724528613472939,0.03818617168107234,227.49844881075492,219.80765253360912,235.84281282316445,124.61840744570839,19.992761116856258,236.66494312306102,160.9300892801782,13.885845265281862,22.18946859239482,10.975016639012386,60.17372464704262,0.24105244874954224,RBC,0.9344
2413.0,206.97056245803833,0.7078643264104554,0.0,0.969855305466238,0.9140151515151516,0.1686561077849308,0.0009115800892872294,6.91301473829165e-05,230.20170674941815,228.3390224980605,240.22420480993017,83.26687354538402,17.421256788207913,241.12723041117144,146.9695694157484,10.26633521124401,18.02999068590182,9.18503035541481,69.35022704976858,0.24102552235126495,RBC,0.9745
1571.5,225.49747347831726,0.3883657198477137,0.0,0.8174252275682705,0.49542875157629257,0.2429016911717587,0.01616053490114259,0.008776249016239891,225.39261049723757,211.2379143646409,226.13984806629833,111.7192679558011,21.399516574585636,228.15573204419888,202.10035637828827,17.535585384797226,33.2387410682899,16.191302418584655,53.93675561846885,0.24037225544452667,RBC,0.9797
693.5,159.35533809661865,0.3431808908468921,0.0,0.5988773747841105,0.535108024691358,0.39900574103782016,0.08983429360314397,0.007462454251039289,223.9522727272727,228.0030303030303,243.3151515151515,65.76439393939394,24.22651515151515,243.54696969696968,66.5353241804642,9.62572284502604,15.679700925728584,7.504185547720613,70.75605620570019,0.23699410259723663,RBC,0.9948
639.0,184.2253954410553,0.2365983585838332,0.0,0.5103833865814696,0.38035714285714284,0.44803174409145907,0.11521742014039338,0.07436520931682516,224.59328649492585,225.05776736924278,239.6432474629196,74.33333333333333,21.474629195940672,239.9960967993755,249.687783933518,10.4952724297836,19.000261414337807,8.552449379607737,73.03061855428903,0.2316894382238388,RBC,0.9864
3488.0,422.3086556196213,0.24576858818634417,0.0,0.5620367386400258,0.5153664302600472,0.6442737318025972,0.2884292098692173,0.023133111029328565,227.64576547231272,230.94408251900109,239.44245385450597,63.323832790445174,16.16015200868621,239.89902280130295,9.299771836873843,6.523795996791641,12.272738441308947,6.154251379988287,66.05556643934273,0.23083442449569702,RBC,0.9951
2549.0,377.3380937576294,0.22496678258853703,0.0,0.46817889613371294,0.4388774104683196,0.7276057278775685,0.36595883376035476,0.09965428956785502,230.0502752293578,224.2869724770642,236.05284403669725,95.48183486238533,16.01284403669725,236.822752293578,9.970407374837784,9.387403472789803,17.709745283037478,8.333295447322907,68.93587061308314,0.2299955189228058,RBC,0.9705
925.5,272.4680360555649,0.15665893304512313,0.0,0.45445617480972256,0.4016927083333333,0.5202935412007446,0.008832603115631945,0.022748144427312548,228.11490978157647,230.47198480531816,240.27540360873695,63.44539411206078,16.78252611585945,240.71604938271605,132.83179539809993,8.764898910545892,15.715430672041613,7.053191807661017,66.10288758852923,0.225848987698555,RBC,0.996
3425.0,240.48528122901917,0.7442064647529424,0.0,0.9927536231884058,0.9575062901873078,0.18151382711142516,0.005068271447636104,2.757539491787264e-06,234.12918660287082,233.2179691653376,239.65018607123872,77.07336523125997,11.073896863370548,240.7857522594365,168.4256272152819,8.304402976821192,14.336960941528774,6.658520638592637,64.70714248003023,0.22557218372821808,RBC,0.9647
2138.5,180.87005722522736,0.8214587625769902,0.0,0.9928040854224698,0.9092261904761905,0.16374466118103187,1.4457909734475801e-05,6.394718957155494e-05,228.51166965888692,224.97845601436268,238.00448833034113,93.20825852782765,18.11938958707361,238.5745062836625,159.83279518227357,11.361307462880282,19.804055469927484,9.71824699000087,70.54693793810641,0.22550812363624573,Platelets,0.5883
5159.0,288.0,0.7816105565137801,0.0,1.0,0.9726621417797888,0.16828196678942942,0.000541042568740867,1.0329076822108187e-33,208.92134831460672,180.58908507223111,212.3429641519529,139.58212948100586,42.47538790797218,214.3357410379882,388.6311286950968,22.25646320063701,37.88250553268144,19.709312885912006,34.56716729269757,0.22257941961288452,RBC,0.6078
2464.0,201.45584380626678,0.7629407778194979,0.0,0.9598753408648227,0.8555555555555555,0.16988664053894875,0.0016115757861337647,0.0003436986016456784,231.01073105298457,225.76391683433937,237.27162977867204,104.6841046277666,15.240778001341381,238.0509725016767,78.55285867573302,10.459651590940206,18.012755349533595,8.334110893555172,66.05524897911299,0.22151483595371246,RBC,0.6144
3176.5,415.52185916900635,0.23119102624165563,0.0,0.5155400470664611,0.46934101654846333,0.6452382385917385,0.30566105785766373,0.021659818200138084,232.40909090909093,227.42869875222817,235.89304812834226,105.65805109922758,14.087046939988117,238.07605466428998,11.816015164359884,9.914094497349282,17.019303183090326,8.667172227921979,53.36364840532845,0.2156578004360199,RBC,0.9068
429.5,189.49747383594513,0.15030249246234167,0.0,0.34791413527744025,0.23834628190899002,1.0028761798842898,0.5259524192816541,0.22070254978000828,222.9023622047244,214.17007874015746,233.89291338582677,107.94488188976378,25.466141732283464,234.60629921259843,209.90409778465053,13.796721421375587,25.428412142489123,13.660260088498,68.55995790646064,0.21497173607349396,RBC,0.5705
931.0,292.22539579868317,0.13700096743603438,0.0,0.42395264116575593,0.3729967948717949,0.5767900534898664,0.015202092838314134,0.029340904138689214,232.71936389148738,230.66791393826006,237.47895229186156,91.68942937324603,12.131898971000936,239.09260991580916,97.01889112323309,8.76007019972247,15.70778257852524,7.335650255069582,59.555548199784965,0.2141859084367752,RBC,0.9844
1283.5,327.78174436092377,0.1501191901448277,0.0,0.4536938847649346,0.4312836021505376,0.5349979225916235,0.03503720197230576,0.009738793178893115,231.71398747390398,231.2867084203201,240.57480862908838,80.78705636743216,15.089770354906054,241.473208072373,63.71388310787374,8.441845305293564,15.468734627011683,7.0260083525270165,67.47955095929184,0.2140977382659912,RBC,0.9962
1267.0,331.1959582567215,0.14514979353747337,0.0,0.47667419112114373,0.4551005747126437,0.516080919166299,0.016469555764859565,0.0042611304510261835,231.86427566807313,233.9493670886076,240.77637130801688,68.82630098452883,13.680731364275669,241.93600562587906,144.26536373179252,7.201187841730234,12.717982728831004,6.390530423760676,64.51346688501584,0.21123097836971283,RBC,0.9974
645.0,226.7106763124466,0.15769779963726266,0.0,0.3570440077497924,0.2488425925925926,0.8114392504508621,0.14420241736076486,0.3167883529730632,220.4227027027027,218.07891891891893,239.3935135135135,94.48432432432432,28.68864864864865,239.80864864864864,102.98005243460409,11.122984396491226,21.15280925484377,9.582233621068541,75.32046864907598,0.2110239863395691,RBC,0.9436
1342.0,317.1959578990936,0.16761276527257488,0.0,0.52876280535855,0.5083333333333333,0.45854489629821804,0.011745414418820889,0.00046446734592980096,227.57919463087248,231.28187919463085,240.0993288590604,51.83288590604027,16.195973154362417,240.42818791946308,86.37248608241507,8.164711884491068,14.61987271995971,6.781503630897691,60.9747961386897,0.21024101972579956,RBC,0.9985
2209.0,193.3137081861496,0.7428143355967982,0.0,0.9791666666666666,0.9392006802721088,0.1681712049047383,7.045463704347274e-05,8.19914529456953e-06,234.04694485842026,232.9769001490313,237.5230998509687,88.61251862891207,10.953055141579732,239.97168405365127,114.15995487268039,8.035597147417752,14.022982092071585,6.67829992916087,56.0929244835214,0.2094588279724121,RBC,0.5241
5359.0,538.8528127670288,0.23192806930642462,0.0,0.6538156530226316,0.48753639010189226,0.7559150823047588,0.4993233438385652,0.2846708737334624,230.81324927656055,227.60851591566762,236.12608515915667,98.93334022323273,13.416287722199256,237.78245142620918,2.3649373120184447,8.58020028079121,15.723192893929584,7.353278763122768,58.84400205252234,0.20918424427509308,WBC,0.7526
4210.5,346.1248903274536,0.4416496325317154,0.0,0.809867282169648,0.6747596153846154,0.2630682070998585,0.03572553714712706,0.0028478309203147072,231.97123182861515,228.49181331293036,238.65248661055853,103.19755164498852,13.859372609028307,239.44835501147665,3.6813778879093992,7.681420579848909,14.23917090515254,6.214524994051858,67.11561352856299,0.20881052315235138,RBC,0.9177
804.0,153.05382323265076,0.43129810260650403,0.0,0.6833829154271143,0.41875,0.26087907829480395,0.019811165768580392,0.008651552040957309,227.0280095351609,219.37604290822406,236.09058402860546,116.15971394517283,20.806912991656734,236.6513706793802,24.22897293244949,11.172919850815978,20.515317643179273,9.295257202074225,65.95093887802616,0.19939856231212616,RBC,0.9493
2176.5,189.55634880065918,0.7611878822356166,0.0,0.9733899821109123,0.906875,0.16633922040474614,0.0005078921551909838,7.108036243698222e-06,227.9626168224299,230.88707165109034,241.56853582554515,62.95093457943925,18.422897196261683,242.19392523364485,148.1454104166667,7.989099154583894,14.846950907100648,6.848321578904825,67.18361822882562,0.1989937126636505,RBC,0.9925
984.0,293.5391035079956,0.14350698339497425,0.0,0.4490075290896646,0.4270833333333333,0.5510164232203698,0.0010569371773828254,0.0010273829531028107,225.55486173059768,229.53612845673507,241.3470115967886,62.0178412132025,20.4264049955397,241.7778768956289,133.78997802734375,8.612009331805476,15.898731338069929,7.090092627051414,67.48582725743708,0.19375281035900116,RBC,0.9971
1203.0,260.56854116916656,0.22265452634283903,0.0,0.5128970368791302,0.43071965628356607,0.4446426474573313,0.02786904794908033,0.03250740310643254,229.468815697267,235.16047652417657,241.6236860546601,51.16187806587246,15.270497547302032,242.07288016818498,155.4175159652494,6.28249714336281,11.406923569000297,5.3324593033975765,56.58245006481798,0.1905418187379837,RBC,0.9984
10020.0,772.7939366102219,0.21083862424623792,0.0,0.6697860962566845,0.6442901234567902,1.1933925375733574,1.338149101370703,0.011724472363228574,232.78623676612128,230.46005774783444,235.33426371511067,93.1655437921078,10.582771896053897,237.6628488931665,2.137667176935416,7.077355013033855,13.351907304879315,6.827604208071884,56.82928292656695,0.18825429677963257,WBC,1.0
510.0,140.76955235004425,0.3234168039371871,0.0,0.6151990349819059,0.40476190476190477,0.41418751921290653,0.08715209071929553,0.02019552394437296,230.87167300380227,227.21958174904944,235.08365019011407,97.34315589353612,13.929657794676807,237.35076045627378,55.9145958889756,8.780145023330542,15.875174817634777,7.1576914135725085,57.823162967721395,0.18806956708431244,RBC,0.7083
2315.0,196.48528122901917,0.7535304621880072,0.0,0.9851063829787234,0.9456699346405228,0.16823481971588514,0.00018719647832351246,2.660975088502788e-06,229.0837037037037,231.16296296296295,238.96888888888887,68.41333333333333,14.982962962962961,240.0837037037037,98.56678504394677,8.316050588692327,14.982660302475292,6.646452316466412,63.003688075469924,0.18763670325279236,RBC,0.9838
582.0,199.39696872234344,0.18394828583243036,0.0,0.3748792270531401,0.3190789473684211,0.5887816671796317,0.09299913302279718,0.058751064591836516,225.81521739130434,227.447628458498,239.4298418972332,71.80335968379447,19.405138339920946,239.88636363636363,80.61865875465412,8.704097307186895,16.73208511338033,8.060420229944834,70.00824251709993,0.18737250566482544,RBC,0.9828
1217.0,299.5391035079956,0.17044858135516905,0.0,0.6011360829834527,0.5282118055555556,0.35110165553522166,0.005906877102098738,0.006268263155837368,222.49299926308032,219.06705969049375,233.25055268975683,93.29034635224761,18.822402358142963,233.515106853353,31.524477169837482,9.689626429773362,16.704437863606923,10.051994969322688,74.72613522938757,0.18630769848823547,RBC,0.9973
2285.0,368.1665207147598,0.21183976295221554,0.0,0.46623138135074477,0.43673547400611623,0.7206161880344258,0.32617879976078135,0.03998246988573953,232.3847719869707,226.23249185667754,235.30944625407167,117.496335504886,13.89413680781759,237.29315960912052,11.790990655890823,10.614571726097388,16.249959247629146,7.687472911075006,50.97720944046415,0.18574805557727814,RBC,0.9685
2733.0,211.3137083053589,0.7691200850927183,0.0,0.9914746961726828,0.9489583333333333,0.1710063834024172,0.0015901121251629673,4.429623502286709e-06,224.50942285041222,229.85159010600705,241.87691401648996,57.72614840989399,21.95995288574794,242.29269729093048,158.45421862943672,9.113676452949274,16.83612206850156,7.753538461540359,64.77113672415078,0.18333061039447784,RBC,0.9958
2447.0,377.2792192697525,0.2160319888899233,0.0,0.4709391839876828,0.38915394402035625,0.6674360765753493,0.2701685006610043,0.07187730067868404,216.54430863254393,218.47822765469823,239.88082505729565,78.63789152024447,29.901833460656988,239.97402597402598,13.566589841144975,9.67460191190268,17.798005688403983,8.315788397743255,77.09261126015609,0.18322035670280457,RBC,0.9799
2749.0,224.7695516347885,0.6837693747531262,0.0,0.9411160561451558,0.7845319634703196,0.1948409265682058,0.010937590862724672,0.00030192656162754714,230.34604519774012,225.39830508474577,237.98728813559322,104.95762711864407,17.132062146892654,239.00282485875707,56.90439294100936,10.575476570751889,18.97551492367961,8.405329019296484,65.95789969535524,0.18277400732040405,RBC,0.9564
2491.0,200.0,0.7825707300092175,0.0,1.0,0.9610339506172839,0.1678710022748561,0.0004028956269869788,1.1756416802130218e-32,232.08714733542323,234.16300940438873,238.64890282131663,61.758620689655174,10.551724137931036,239.7385579937304,49.59374985115645,7.386545700091904,12.356654383687573,5.936095715073898,56.43913174232848,0.18188835680484772,RBC,0.9718
2270.0,457.62236392498016,0.1362138414210053,0.0,0.5371509701845717,0.5159090909090909,0.4092401771117732,0.02218150646901879,0.0005170604933976814,221.7703464947623,230.95124899274776,240.85132957292504,39.86784850926672,21.6986301369863,240.99476228847703,132.5094785123967,7.030642540295845,12.423676758897015,5.214656582801491,51.228858198216024,0.1807682067155838,RBC,0.9983
848.0,248.56854128837585,0.1724699307156221,0.0,0.4162984781541483,0.31547619047619047,0.7201067413096374,0.12921812343636535,0.15694545900076728,220.96525821596245,227.31173708920187,241.17276995305164,53.08544600938967,23.72582159624413,241.3276995305164,86.12617752178997,7.681067179008519,14.275376984946258,6.6550281268837335,65.38743489877433,0.1806029975414276,RBC,0.9975
881.0,278.8528126478195,0.14237564800065836,0.0,0.41303328645100795,0.3670833333333333,0.5701043402793923,0.001037514352868071,0.015181531599578706,223.3587710604559,228.57879088206144,242.20515361744302,62.45887016848365,22.986124876114964,242.46580773042615,155.3100998263889,8.84880851677871,15.73082503930172,7.263859873294608,69.0250708041386,0.17803901433944702,RBC,0.9941
964.5,288.46803653240204,0.14565208267910373,0.0,0.43811037928684987,0.3939950980392157,0.5151892840489724,0.006488634955740168,0.014884355229136937,224.5090909090909,226.7809090909091,239.53,62.81909090909091,19.361818181818183,239.70090909090908,72.85264464922679,9.907981589282134,16.79269860523558,7.308152981431081,70.12855078737326,0.1777513176202774,RBC,0.998
807.5,207.982754945755,0.23458365132612036,0.0,0.5021766169154229,0.31666666666666665,0.5503147081651939,0.083485524237378,0.11809478152948202,231.63692038495188,230.09186351706037,239.10498687664042,79.15310586176729,13.902887139107612,239.83727034120736,262.95418316032294,9.138782306578365,16.160431309122227,8.868604448268357,67.07990173302919,0.17762111127376556,RBC,0.9825
318.5,145.69848442077637,0.18854248738860163,0.0,0.3716452742123687,0.22195121951219512,0.6345770184287755,0.171000826208314,0.2182926587023295,230.7274193548387,223.15967741935484,240.05483870967743,113.99032258064516,20.161290322580644,240.55483870967743,126.6801499086029,12.180029521586643,20.4289955201047,9.228648896661763,66.17301299081853,0.17031356692314148,Platelets,0.6069
1107.0,323.6812390089035,0.13277687078146533,0.0,0.46317991631799166,0.43514150943396224,0.4555134505877311,0.0008656491259848321,0.0011239820403320484,223.69291964996023,229.26173428798728,241.4733492442323,54.83293556085919,21.400954653937948,241.673031026253,111.03580984113565,7.354500458680118,13.402670432305147,6.192956529840546,65.28760748948226,0.16979274153709412,RBC,0.9974
2159.5,285.63960897922516,0.33260303867764046,0.0,0.706642670157068,0.5355902777777778,0.26139163541002164,0.020608281091647057,0.0056796728422218844,232.640243902439,229.17195121951218,237.70823170731708,100.76036585365854,12.612804878048781,239.07073170731707,13.254448596342108,8.716599803572123,15.774410231256253,7.530624017480436,62.766780983161006,0.1690620481967926,RBC,0.9952
1017.5,297.9238804578781,0.14405676235477924,0.0,0.4724866496401207,0.4416232638888889,0.5103985409933529,0.007014990571045789,0.0031110050030063725,229.87261698440207,229.53899480069322,240.16031195840554,78.78422876949739,16.446273830155977,241.07279029462737,144.98312246063608,8.436955243173301,16.00310696745348,7.139568160951029,69.82522916695675,0.16688795387744904,RBC,0.9937
1118.0,311.53910410404205,0.1447526537010558,0.0,0.48450704225352115,0.42348484848484846,0.5202921522681251,0.03397301373766437,0.010411908139349762,232.6756329113924,230.15427215189874,238.2879746835443,86.43591772151899,13.407436708860759,239.75316455696202,110.00347781795226,8.955984558358157,16.023739235599482,7.912454991932598,64.59568024349471,0.16682499647140503,RBC,0.9922
1060.0,300.02438497543335,0.1479798630225915,0.0,0.48938134810710987,0.43300653594771243,0.48065667993171834,0.005067834674808873,0.01249892343559713,220.32860717264387,227.28273561301083,240.20100083402835,49.87406171809841,23.51876563803169,240.33277731442868,167.30992069690075,9.184174697037474,15.7853922777926,6.75698500598765,61.85772898322405,0.16368235647678375,RBC,0.9972
2276.0,188.48528122901917,0.8050581258609308,0.0,0.9969338589575121,0.9483333333333334,0.1656599854210643,4.587101501067411e-05,6.693037313407709e-06,226.36370777690496,228.4218381775334,240.30950510604873,76.26472898664572,20.918303220738416,241.37234878240378,115.07924149305555,9.165691488958823,17.47026365723963,8.122687234471545,69.5984656082925,0.16340282559394836,RBC,0.9147
14533.5,968.3502857685089,0.19476688071292053,0.0,0.7560474431670395,0.7384908536585366,1.0362043198077826,1.0263120495518956,0.11940534522489105,224.93132875525035,233.42202813520902,239.38215881058736,45.37095806387092,17.30368691246083,239.80212014134275,2.1660055166195717,4.251331888877,9.592367019004065,4.382044180584474,52.21352458350362,0.16204862296581268,WBC,0.9855
339.0,92.28427052497864,0.5002121022907695,0.0,0.7713310580204779,0.5207373271889401,0.2234202293031468,0.01672106323237642,0.0010452915694775852,228.79884225759767,225.4544138929088,237.54703328509405,91.47612156295223,17.821997105643995,238.43704775687408,206.68473925044327,10.337505589574333,18.90372110313326,8.817593698798873,67.35821638112164,0.1596841663122177,RBC,0.7543
1628.5,305.37972342967987,0.21944072631415962,0.0,0.4436725241792671,0.3769675925925926,0.6273510933252728,0.16437571416234537,0.0754008237349484,231.2169971671388,224.52804532577903,237.042492917847,117.17507082152974,16.758640226628895,238.1014164305949,20.356607456704392,11.069952442248628,18.153232908156486,8.803740289055856,59.778414738273604,0.15909065306186676,RBC,0.9852
2223.5,190.52691102027893,0.7697227894500579,0.0,0.9851572884359769,0.8740172955974843,0.16753259027020273,0.0007192919736037728,0.00020400273405774482,231.1832116788321,233.09635036496348,241.40437956204377,70.45328467153284,14.834306569343065,242.42408759124086,103.57711680090779,7.57401502201654,13.421447096144911,6.608332150560915,67.31042321329245,0.15870784223079681,RBC,0.9586
1427.0,223.5391036272049,0.3588614659613987,0.0,0.6201651455888744,0.42470238095238094,0.3933405492744761,0.10336987491224724,0.009087647956658274,226.98037933289734,229.25637671680838,236.5892740353172,65.67037279267495,14.50686723348594,237.5317200784827,34.53154620181406,7.941966229256416,14.153496110263292,6.424286820128146,63.73217889323831,0.15799804031848907,RBC,0.9992
937.0,277.19595766067505,0.15324124422895002,0.0,0.388152444076222,0.3050130208333333,0.7577744934048539,0.23439761700431436,0.05685316192974932,228.4870420017873,226.15638963360144,237.81054512957996,83.84718498659517,18.455764075067023,238.9669347631814,175.6172458860609,11.224477039752463,21.324037962078144,10.29397368182824,67.39439406121404,0.15706823766231537,RBC,0.9879
2209.0,188.0,0.7853981633974483,0.0,1.0,0.9587673611111112,0.16666666666666663,0.0,4.7491312103909314e-33,239.01080497028633,237.92058346839548,236.22852512155592,92.93841166936791,4.230145867098866,239.88492706645056,5.062929318274981,2.9464685434744835,3.4592109418591055,2.7508000774728543,34.31984003860876,0.157024547457695,Platelets,0.9647
903.0,185.9411244392395,0.3282061452899412,0.0,0.6082856180532166,0.46307692307692305,0.36647122419167,0.04718129758217904,0.022462253368690913,229.63066776586976,231.65292662819456,240.2390766694147,61.202802967848314,15.769991755976918,240.5696619950536,244.16307028061223,7.134356523197477,15.203887267892968,6.710518116593719,62.65502528367166,0.15672872960567474,RBC,0.9981
645.0,181.5979789495468,0.24578057560394678,0.0,0.47583917373662854,0.2792207792207792,0.49677218585872907,0.13240119097478098,0.08479500707546596,219.42875481386392,221.34788189987162,239.84338896020537,82.42362002567394,26.52631578947368,239.96662387676506,50.92707171143251,10.69550527001703,19.026322014600034,9.079091459888943,76.2849549954254,0.1566861867904663,RBC,0.9864
971.0,262.56854128837585,0.17698795492831562,0.0,0.4864729458917836,0.43956541421457673,0.4854063796729356,0.014789184451877602,0.01662720382763379,231.4593607305936,230.10593607305935,237.46666666666667,80.41187214611872,13.386301369863013,238.91689497716894,149.21024345648823,8.361356073653447,16.405414837666047,8.194581868156039,63.028624689779036,0.1550401747226715,RBC,0.9897
856.0,253.88224959373474,0.16688563401959522,0.0,0.41971071341014954,0.33024691358024694,0.6220385722326999,0.12342806227635114,0.05706376920483015,231.65503080082135,228.91478439425052,239.0318275154004,93.94045174537987,15.07700205338809,240.235112936345,101.86212547987161,10.234021970721153,17.44230522038738,7.577797282186989,66.49540709310419,0.15240658819675446,RBC,0.9768
996.0,305.8822498321533,0.13377059251899615,0.0,0.39243498817966904,0.37727272727272726,0.5948289507438994,0.001531851660890781,0.0013988508524707378,228.42719298245615,230.49473684210525,241.21315789473684,69.65526315789474,17.74561403508772,241.91228070175438,193.67000459136824,8.382152981894365,14.396300950976913,7.016597030423648,69.5748083973448,0.151964470744133,RBC,0.9943
1058.0,311.8822499513626,0.13668290939834607,0.0,0.42764753435731606,0.39360119047619047,0.5769388616850502,0.014191853828347168,0.011161818571828606,221.0331950207469,223.48713692946058,239.44315352697095,67.97344398340249,23.980082987551867,239.75601659751038,104.52363015518706,9.617095437116875,17.90804197341237,8.307940311108643,72.64868656708951,0.14913178980350494,RBC,0.9963
736.5,160.66904640197754,0.35852395864130837,0.0,0.6423898822503271,0.38359375,0.33387113526085954,0.0566021652339948,0.019024667966326046,216.73293571901922,221.38303512259776,239.50828363154406,66.0649436713055,28.26441351888668,239.74486414844267,56.86652264483772,10.08852050208473,19.09067001729302,8.181066669975598,71.89731852127848,0.1489964872598648,RBC,0.9957
992.0,288.71067690849304,0.14955324688081695,0.0,0.44394719176549563,0.389937106918239,0.5319581615790072,0.0018250875830877087,0.005168034709829322,226.33595800524935,228.0236220472441,240.59055118110237,74.41819772528434,20.451443569553806,241.2554680664917,204.74024465013252,9.083215565514783,17.357553293799516,7.964289169217493,70.41216056021186,0.14707057178020477,RBC,0.9925
623.0,156.76955223083496,0.3185477008602909,0.0,0.6095890410958904,0.4807098765432099,0.45877333061381625,0.11668769225730825,0.012306836776658836,231.19068255687972,228.63921993499457,236.2275189599133,82.20910075839653,13.199349945828818,237.53304442036836,170.87981224346743,7.471755401948984,16.107401589239828,7.755627113002922,61.64500687611145,0.14627929031848907,RBC,0.9276
2234.0,188.28427064418793,0.7918901702003347,0.0,0.9704604691572546,0.8781446540880503,0.16517400658659626,0.00018877895123312112,0.00017577490165141874,229.49574266792808,223.99905392620624,239.9933774834437,102.24503311258277,20.693472090823086,240.78051087984863,115.8365000828191,10.749677377042849,19.961433938846078,9.096193265470196,69.74552702262022,0.14601008594036102,RBC,0.5528
970.5,288.61017203330994,0.1464138417985104,0.0,0.4518156424581006,0.42140686061658705,0.5332761004708395,0.010772551490152358,0.0035318251779766297,228.85416666666666,230.82427536231884,240.92481884057972,68.1911231884058,17.27536231884058,241.54891304347825,203.30996685589545,8.433430759662365,15.80496818732757,6.997978484228998,66.9623019688715,0.14373137056827545,RBC,0.9945
658.5,189.01219236850739,0.23162530500370815,0.0,0.48401323042998895,0.32663690476190477,0.4527943675299648,0.07215984040347578,0.016215783579366462,232.484756097561,229.93978658536585,238.15701219512195,84.38338414634147,14.159298780487806,239.6265243902439,70.35596166796019,8.462511263905716,16.179496282469803,7.689162049550101,63.17266166017133,0.14334291219711304,RBC,0.9224
5541.5,514.4924209117889,0.26307479379273335,0.0,0.6573546856465006,0.5550380608974359,0.6438837213065994,0.3376127052724979,0.023397480611573623,223.97819314641745,222.576670128072,239.16597438560058,87.63655244029077,23.096053997923157,239.4428868120457,3.6658326388888898,9.24886914903131,17.323518144883465,7.177252325625185,74.99983472939516,0.14267951250076294,WBC,0.7981
463.0,186.56854104995728,0.16715294176085344,0.0,0.38663883089770357,0.29870967741935484,0.7512352354878943,0.2604679933298575,0.048313250529978126,223.7768147345612,227.54929577464787,241.07367280606715,66.19393282773564,22.776814734561214,241.510292524377,260.6784325574968,9.495623890035768,17.371116705719917,9.26069936970319,69.60044057549622,0.1415746510028839,RBC,0.9718
1030.5,267.4974744319916,0.18097495951068834,0.0,0.49963636363636366,0.447265625,0.47037643823650505,0.01474226551105807,0.015220656890068282,234.60880829015542,233.8126079447323,238.39810017271157,79.82210708117444,9.944732297063902,240.24870466321244,91.92434786572868,7.837059901918099,13.002070245812217,6.128268809489707,58.69461784632985,0.13880091905593872,RBC,0.988
6345.0,1196.5483310222626,0.05569048495617787,0.0,0.35475664644544463,0.337967401725791,0.589353478488624,0.09803263690943917,0.008167273174419027,224.3322105788423,217.56886227544908,232.85965568862272,89.83757485029939,21.61464570858283,233.4444860279441,311.3625026185722,14.741190081994766,27.795217219917337,14.51011895117535,67.51307306912058,0.1386522352695465,WBC,0.9908
2256.0,190.0,0.785311138670202,0.0,1.0,0.9591836734693877,0.16670360520094563,1.231420921496802e-05,0.0,233.92869080779946,229.20389972144847,231.83398328690808,104.49749303621171,8.425626740947076,235.47688022284123,11.462645591825165,5.417441780470756,10.521588701489652,6.601786160748884,47.345330876783656,0.13758130371570587,Platelets,0.9426
3260.0,333.48022973537445,0.3683725666568605,0.0,0.7044079515989629,0.5612947658402204,0.3463385014916466,0.06657448314371672,0.010300412545202977,224.7741161065037,225.91859450021823,238.40026189436927,74.47839371453513,20.456787429070275,239.1213443910956,7.3067554561948285,7.838076629989016,15.857414067688913,6.89691382227399,70.28832768945132,0.1345137655735016,RBC,0.9899
1168.5,300.9533178806305,0.1621213866058151,0.0,0.4170235546038544,0.399077868852459,0.6247717404928841,0.06664035089904778,0.006785902186857203,230.03641881638848,232.31714719271625,240.8133535660091,60.798179059180576,14.987860394537178,241.35508345978755,60.04907849872347,7.766814541106499,13.358640917301186,5.641145517046189,64.12935237342104,0.13207696378231049,RBC,0.9983
924.5,235.63960981369019,0.2092281859500002,0.0,0.501900108577633,0.43,0.42742342887314155,0.03240149615250746,0.008750627650697401,233.58183306055648,230.0924713584288,239.14075286415712,94.9656301145663,12.827332242225859,240.27741407528643,200.8463378698225,9.446780757961351,15.472179529451212,7.571794423491988,65.11872926082046,0.12838546931743622,RBC,0.9757
828.0,216.02438533306122,0.22296394741199455,0.0,0.45910729137787637,0.3724696356275304,0.4083752208992352,0.03258097426290279,0.010911562567049459,229.9744966442953,230.57785234899328,242.11140939597314,72.14630872483221,17.225503355704696,242.66510067114092,220.9554088223727,8.861538599891741,14.887936405733072,7.198224335492246,70.86946173903014,0.12793909013271332,RBC,0.9922
662.0,145.7401144504547,0.3916603800297086,0.0,0.6427184466019418,0.37274774774774777,0.3944681869679305,0.10910380373633807,0.00793497440359346,220.42706872370266,224.08976157082748,240.13253856942495,68.6851332398317,24.79663394109397,240.27629733520337,31.469171117968806,8.514360245949286,15.701736767975998,7.703751759459384,72.76386728359753,0.125164195895195,RBC,0.9961
418.0,151.1126981973648,0.2300298654429442,0.0,0.4501884760366182,0.28967428967428965,0.5688100357497365,0.09646168741966323,0.15917829322920982,231.17832167832168,229.3030303030303,238.66550116550115,91.47086247086247,15.56993006993007,240.24125874125875,92.21519968281432,8.901279129631275,16.86174454336507,7.4344845425334505,64.42280731273162,0.12472119927406311,RBC,0.6701
573.0,133.5979790687561,0.4034267659258868,0.0,0.7060998151571165,0.5426136363636364,0.33742777718632133,0.07041990231247257,0.0033232258589872025,224.4296998420221,230.76619273301736,242.50631911532386,55.33570300157978,21.817535545023695,242.85781990521326,50.843276589739546,6.312694605320883,12.631700919795044,5.814024652477731,63.98049864707387,0.12052778154611588,RBC,0.998
869.5,238.12488961219788,0.19269474315892998,0.0,0.40124596215966774,0.2875330687830688,0.6699792407812912,0.20666876251149477,0.08761443688176658,224.1062176165803,226.35146804835924,241.19861830742659,69.90932642487046,22.78151986183074,241.56994818652848,128.62716915469892,8.295176992761762,16.761507853210215,6.897617782889671,71.92899420002668,0.11092676967382431,RBC,0.9939
334.0,123.11269760131836,0.27691764896907517,0.0,0.5475409836065573,0.3906432748538012,0.6248701263017127,0.288331725274639,0.1148412732614286,226.28671328671328,225.5,241.5681818181818,89.69755244755245,23.842657342657343,242.7062937062937,125.36300074223587,10.791166017752234,18.665204529815906,8.812770941040611,71.8889571620124,0.10918216407299042,RBC,0.8129
2241.0,191.79898929595947,0.7655244955721204,0.0,0.9824638316527838,0.8645833333333334,0.17145760905069546,0.0016662290222443435,0.0003526315343019638,231.48422597212033,232.05869405722672,240.10491562729274,73.10564930300808,13.91342626559061,241.12692589875277,110.58256113302087,8.225383954688967,14.376024113583098,7.046017751332228,65.24268587764084,0.10704603046178818,RBC,0.9363
1014.0,340.5096663236618,0.10989778235997363,0.0,0.37991757212439115,0.35208333333333336,0.6616095724602835,0.009345114871403316,0.0016202568413754012,224.7730375426621,227.02901023890786,242.61177474402731,76.98037542662117,23.66552901023891,242.91894197952217,119.65419548128855,8.728539161439818,16.227978348301207,7.5918919784689365,73.88663110816695,0.10632798075675964,RBC,0.989
1922.5,214.32590091228485,0.5259287310439298,0.0,0.8754553734061931,0.5562789351851852,0.24851819348881302,0.022794912850304654,0.007484052621789978,221.79803735359292,223.81386514719847,237.3602405824628,72.58056346945236,22.989237100348213,237.67679645457423,21.555026215277778,7.789188776869318,18.13632866498352,8.576602044682089,69.28061871820213,0.10590500384569168,RBC,0.9979
690.5,200.66904664039612,0.21548288037904365,0.0,0.4642016806722689,0.3269412878787879,0.6201793484878246,0.10231350030399547,0.13330428326848015,229.324439701174,229.8879402347919,239.99679829242265,76.88900747065102,16.77801494130203,240.77481323372467,231.41981983425177,8.977582084036118,16.16124835768632,7.719259645301955,67.9472805302674,0.10566102713346481,RBC,0.9802
621.0,217.39696872234344,0.16511802898272585,0.0,0.3649720834557743,0.3317307692307692,0.7220229665382841,0.16182342725633644,0.05321183930579415,228.2547974413646,221.61194029850745,235.89019189765457,114.35181236673773,19.605543710021323,237.13113006396588,106.09807936287805,11.513323301510765,19.158099554444682,9.461835007628075,62.05073842031512,0.1055796816945076,RBC,0.8093
1000.0,284.5685420036316,0.15518012112040605,0.0,0.4731488052992666,0.4340277777777778,0.5034327213333332,0.011394503707678723,0.014636998886422378,231.90396475770928,230.4537444933921,238.0035242290749,83.57973568281939,13.268722466960353,239.3057268722467,150.16642252604166,8.834679970648626,16.31316113041476,7.7719696222311825,63.064546571678214,0.10249075293540955,RBC,0.9907
12086.0,736.3675308227539,0.2800936046525751,0.0,0.8326558732345849,0.8070245726495726,0.7802398999828682,0.5658639844650549,0.003475065513611001,225.73674059787848,232.87576342012213,239.1182095789135,50.20861459337833,16.42357762777242,239.5520732883317,1.6611244613532647,4.016115501196761,8.786129570297803,4.279069976917792,57.18805255955242,0.10070102661848068,WBC,0.9622
617.5,166.5269113779068,0.2798194970615415,0.0,0.5445326278659612,0.3859375,0.4841300679906029,0.12746417776888547,0.016749408914351546,232.98915989159892,230.54336043360433,238.9579945799458,85.7289972899729,13.172086720867208,240.23848238482384,112.33716597222224,8.350544282208377,14.972111041289041,6.858983964038757,65.1062691799219,0.09729407727718353,RBC,0.917
827.5,206.32590079307556,0.24427013180552337,0.0,0.4900799526206692,0.351828231292517,0.4787757168842588,0.05202798521137529,0.06450260901529556,232.17471042471044,227.5926640926641,237.96525096525096,103.91891891891892,15.012548262548263,239.51930501930502,99.69820493791696,10.90700323236134,18.46383568053359,8.800269226025415,62.01127987119518,0.09418463706970215,RBC,0.9444
1234.5,353.580734372139,0.12408628180745684,0.0,0.4635749155088246,0.42864583333333334,0.5085279897531515,0.02986142330859411,0.0039830887610055364,232.3068669527897,229.60944206008583,238.706008583691,93.32045779685265,13.990701001430615,240.03934191702433,165.26557183159719,9.957037686130034,17.146735975815496,8.255408316493456,64.4723739780943,0.09376806020736694,RBC,0.9892
931.0,178.76955199241638,0.36607699806144645,0.0,0.6909090909090909,0.49732905982905984,0.2772614048263047,0.02005926622551863,0.006064097468986942,227.90297872340426,226.02212765957447,238.77957446808512,74.45617021276595,18.805106382978725,239.17021276595744,61.58286614312066,9.54037064155637,19.50810905437326,8.121519079540976,68.2181450421536,0.0923311859369278,RBC,0.9956
322.5,82.72792184352875,0.5921549354343669,0.0,0.9033613445378151,0.654158215010142,0.23199026635385417,0.02211842247190033,0.0017662673781997258,223.75761589403973,227.5682119205298,242.17086092715232,69.95629139072848,24.188079470198677,242.61854304635762,91.51799641217465,9.464233382653704,16.52376322474416,8.007360764391867,70.66754135255984,0.0874764621257782,RBC,0.9775
1320.0,245.05382299423218,0.2762236316721367,0.0,0.5381165919282511,0.4583333333333333,0.39104569336520256,0.06661613386188368,0.01885670111817838,230.3089260808926,228.9783821478382,236.5223152022315,85.6694560669456,12.419804741980474,237.74616457461644,78.51035288869599,9.032026765562568,15.329990157184525,6.74727001529985,65.09654519846093,0.08719577640295029,RBC,0.9967
540.0,190.2253954410553,0.18752822056686447,0.0,0.4189294026377037,0.34438775510204084,0.7488856350587362,0.3705613273013148,0.06696205058217393,230.10757575757575,225.8909090909091,239.34242424242424,103.91363636363636,18.115151515151513,240.29090909090908,132.27303756778855,10.466495037283154,18.31360421035558,8.110469489195424,67.65941979338028,0.08609966933727264,RBC,0.8177
510.0,120.28427064418793,0.4429578084457265,0.0,0.7244318181818182,0.5204081632653061,0.2191308795678552,0.002401661403311362,0.003990506790683378,221.84927314460597,226.97398622800304,239.82785003825555,58.37031369548584,22.527926549349655,240.13618974751338,165.16249433106574,8.701340019812362,16.509001869207125,8.287316950199173,65.51963306434995,0.08528488874435425,RBC,0.998
770.5,253.98275482654572,0.15009770369955455,0.0,0.35441582336706534,0.2918560606060606,0.762598453482898,0.16262979842748154,0.08793485135107261,218.94537815126048,221.31092436974788,239.39600840336132,70.71743697478992,26.144957983193276,239.51365546218486,137.42320233585858,9.589864641828802,17.77272383713084,7.887050925564662,74.22824915935196,0.08475520461797714,RBC,0.9918
2265.5,259.98275458812714,0.4211965921611674,0.0,0.7818809318377912,0.7151199494949495,0.19883678804413352,0.008043311186808401,0.00031257278916729244,231.20573689416418,228.44856577645893,236.00642927794263,90.44856577645895,11.821463897131553,236.96340257171116,55.77019952922534,7.70911613215704,14.40536069785095,7.5786974477572535,65.45738093985896,0.08334504067897797,RBC,0.9979
937.5,200.32590103149414,0.2935667945583429,0.0,0.5792400370713624,0.4807692307692308,0.5107310539746506,0.1699968725450204,0.030933394917704433,225.04059040590406,226.3151291512915,237.60147601476015,69.87232472324723,17.81328413284133,237.99630996309963,45.08568283612755,9.893259382086187,17.084302366352087,7.284558659888113,69.91911463979386,0.08181031048297882,RBC,0.9986
659.5,178.32590079307556,0.26061284119660805,0.0,0.4867158671586716,0.3925595238095238,0.48328674341927375,0.10641234175666994,0.014835140794343372,220.4250248262165,220.50744786494536,237.2393247269116,80.08440913604767,23.794438927507446,237.6007944389275,111.56821628433511,10.70606141942794,19.504683167963393,8.373678599504505,74.80391995171402,0.07675697654485703,RBC,0.9894
1121.0,264.7939372062683,0.20090900475971682,0.0,0.4839197064537017,0.3485696517412935,0.4734106515009743,0.0752829543770868,0.015914381936045226,230.04931285367823,224.10590137429264,237.65723524656426,119.08811641067098,17.57477768795473,238.72029102667744,46.072092506992405,11.39033301839538,18.33019532263252,9.474582759557206,62.45380763706899,0.07416697591543198,RBC,0.9768
425.0,149.94112491607666,0.2375512196481127,0.0,0.5044510385756676,0.31411677753141165,0.5254403271140065,0.08770990248070902,0.08998010327751374,228.32162921348313,224.35393258426964,237.71769662921346,98.91994382022472,19.64185393258427,238.90308988764045,231.66668539823135,10.870234776086322,19.7734645488624,10.49172072079919,68.00605595965594,0.06947027891874313,RBC,0.6793
589.5,155.8406195640564,0.30502282652487345,0.0,0.5770925110132159,0.4309210526315789,0.30304605750579505,0.020633295959000028,0.0056918987774195,228.73309287646526,223.80703336339042,234.93688007213706,105.87015329125337,16.473399458972047,236.67899008115418,103.2761010009221,11.039522224221235,18.078645572461586,9.014344925282444,61.86463379350042,0.06901176273822784,RBC,0.8431
809.5,212.95331728458405,0.22431478399289556,0.0,0.517914267434421,0.34638425331621736,0.42553669636252456,0.08636254270113485,0.01572446118612197,228.16464646464647,229.17979797979797,240.83030303030304,70.11111111111111,18.418181818181818,241.25353535353534,144.6135808786192,9.025114377196411,17.06073511861287,8.136554932574283,69.28251180636984,0.06780237704515457,RBC,0.9933
2453.0,196.4852809906006,0.7984493426492296,0.0,0.9959399106780349,0.9463734567901234,0.16677761609932182,0.00042961436418655356,1.611995118227418e-05,232.2873900293255,231.88709677419354,241.0234604105572,80.05938416422288,14.441348973607038,241.81598240469208,84.6175119789285,8.422727210189185,14.9898453629548,7.060860754502508,68.49021265932294,0.06741119921207428,RBC,0.7604
1122.5,148.72792184352875,0.6376923314420295,0.0,0.9242486620008233,0.8351934523809523,0.2125096835024934,0.015935327012326844,3.221532422639324e-05,219.61292665214233,225.81263616557735,239.94771241830065,66.38489469862019,24.750907770515614,240.13362381989833,4.879552760350292,8.240867831632782,16.702350908647947,7.5101594368541855,69.15900031435214,0.06691168248653412,RBC,0.9982
2557.5,216.72792160511017,0.6842200148548204,0.0,0.97169452887538,0.9347587719298246,0.16958901670432552,0.0010517162343599915,3.344335422764969e-05,231.82612872238232,228.56724303554273,234.28770413064362,89.05907780979827,9.892411143131604,235.38232468780018,26.231356309419994,7.162886608855874,13.754906311367504,7.591664156279627,62.38403163618193,0.06524450331926346,RBC,0.9325
580.5,141.8406196832657,0.36258584708341085,0.0,0.6526138279932546,0.4479166666666667,0.27422607246716385,0.026668304237394747,0.013690665118275646,231.38407960199004,224.72437810945272,236.60199004975124,117.35323383084577,16.35422885572139,238.15920398009948,85.15738365116158,9.979069901206525,18.222468574034092,7.828687900833523,55.598128051006974,0.06493901461362839,RBC,0.7972
1002.5,388.7523069381714,0.08335819208151887,0.0,0.3308034977726448,0.3008703481392557,0.7843228377695872,0.1159448219880459,0.038554606040501135,228.4695945945946,220.42567567567568,235.2702702702703,116.00253378378379,19.969594594594597,236.66976351351352,196.0761522195913,13.930537904981737,23.32455822594191,11.957537255816987,60.66529374528373,0.06176396831870079,RBC,0.9528
1205.5,282.8944424390793,0.18929025112320075,0.0,0.4447518907950563,0.3261634199134199,0.6013803918050692,0.16859172968127434,0.08321165874648546,215.54166666666666,218.0677966101695,239.78177966101694,77.70762711864407,29.787429378531073,239.8524011299435,34.388306695784365,10.284702234244849,17.86629349271057,8.027388230586464,77.81638063010534,0.061665765941143036,RBC,0.9923
1669.0,242.0243844985962,0.35805352366527593,0.0,0.6919568822553898,0.37794384057971014,0.29425369929776535,0.05097908551544068,0.0006738753963399354,227.28295819935693,219.34694533762058,236.2935691318328,118.97845659163987,20.74340836012862,236.82475884244374,6.451275915146913,10.701669142650935,19.807827920777537,9.150597319997472,65.20566413709788,0.06138696148991585,RBC,0.991
428.0,91.31370830535889,0.6450326124195033,0.0,0.8972746331236897,0.6948051948051948,0.18333136054260502,0.0037553422559356625,0.0001642315310053659,233.1439393939394,231.98593073593074,237.9112554112554,78.50432900432901,11.24891774891775,239.28787878787878,84.77930265347634,8.90582377072935,15.842665867715203,6.97418888080576,60.278636767297506,0.06137237697839737,Platelets,0.5825
5307.5,520.5512959957123,0.24613467620125146,0.0,0.6139742032506218,0.5367617313915858,0.7108602495122374,0.4434868955883461,0.09071336756038731,218.61275216138327,220.49801873198845,239.75108069164264,69.30925792507205,27.89301152737752,239.95497118155617,3.441343001159917,8.511174815991872,16.740152478645307,6.821309126414065,73.95307483400008,0.06063297390937805,RBC,0.7743
